{"Classifier": "[('Scaler', StandardScaler()), ('clf_KNCC', KNeighborsClassifier(n_jobs=1, n_neighbors=6, p=1, weights='distance'))]", "Accuracy": 0.8956923076923077, "Precision": 0.8667425968109339, "Recall": 0.3805, "F1": 0.5288394718554552, "F2": 0.4285875197116467, "Total Predictions": 13000, "True Positives": 761, "False Positives": 117, "False Negatives": 1239, "True Negatives": 10883}
{"Classifier": "[('Scaler', MinMaxScaler()), ('clf_DTC', DecisionTreeClassifier(max_features=2))]", "Accuracy": 0.8076923076923077, "Precision": 0.38594890510948904, "Recall": 0.423, "F1": 0.4036259541984733, "F2": 0.41503139717425436, "Total Predictions": 13000, "True Positives": 846, "False Positives": 1346, "False Negatives": 1154, "True Negatives": 9654}
{"Classifier": "[('Scaler', MinMaxScaler()), ('clf_DTC', DecisionTreeClassifier(max_features=2))]", "Accuracy": 0.8091538461538461, "Precision": 0.38870893105043963, "Recall": 0.42, "F1": 0.40374909877433307, "F2": 0.4133451431945675, "Total Predictions": 13000, "True Positives": 840, "False Positives": 1321, "False Negatives": 1160, "True Negatives": 9679}
{"Classifier": "[('Scaler', StandardScaler()), ('clf_DTC', DecisionTreeClassifier(max_features=2))]", "Accuracy": 0.8057692307692308, "Precision": 0.3808443032228779, "Recall": 0.4195, "F1": 0.39923863906733287, "F2": 0.41115358227972165, "Total Predictions": 13000, "True Positives": 839, "False Positives": 1364, "False Negatives": 1161, "True Negatives": 9636}
{"Classifier": "[('Scaler', MinMaxScaler()), ('clf_DTC', DecisionTreeClassifier(max_features=2))]", "Accuracy": 0.8074615384615385, "Precision": 0.3847915712322492, "Recall": 0.42, "F1": 0.40162562754004305, "F2": 0.41245212609250714, "Total Predictions": 13000, "True Positives": 840, "False Positives": 1343, "False Negatives": 1160, "True Negatives": 9657}
{"Classifier": "[('Scaler', StandardScaler()), ('clf_KNCC', KNeighborsClassifier(n_jobs=1, n_neighbors=6, p=1, weights='distance'))]", "Accuracy": 0.8956923076923077, "Precision": 0.8667425968109339, "Recall": 0.3805, "F1": 0.5288394718554552, "F2": 0.4285875197116467, "Total Predictions": 13000, "True Positives": 761, "False Positives": 117, "False Negatives": 1239, "True Negatives": 10883}
{"Classifier": "[('Scaler', StandardScaler()), ('clf_KNCC', KNeighborsClassifier(n_jobs=1, n_neighbors=6, p=1, weights='distance'))]", "Accuracy": 0.8956923076923077, "Precision": 0.8667425968109339, "Recall": 0.3805, "F1": 0.5288394718554552, "F2": 0.4285875197116467, "Total Predictions": 13000, "True Positives": 761, "False Positives": 117, "False Negatives": 1239, "True Negatives": 10883}
{"Classifier": "[('Scaler', MinMaxScaler()), ('clf_NB', GaussianNB())]", "Accuracy": 0.843, "Precision": 0.48581314878892734, "Recall": 0.351, "F1": 0.4075471698113208, "F2": 0.37162519851773423, "Total Predictions": 13000, "True Positives": 702, "False Positives": 743, "False Negatives": 1298, "True Negatives": 10257}
{"Classifier": "[('Scaler', StandardScaler()), ('clf_KNCC', KNeighborsClassifier(n_jobs=1, n_neighbors=6, p=1, weights='distance'))]", "Accuracy": 0.8956923076923077, "Precision": 0.8667425968109339, "Recall": 0.3805, "F1": 0.5288394718554552, "F2": 0.4285875197116467, "Total Predictions": 13000, "True Positives": 761, "False Positives": 117, "False Negatives": 1239, "True Negatives": 10883}
{"Classifier": "[('Scaler', StandardScaler()), ('clf_KNCC', KNeighborsClassifier(n_jobs=1, n_neighbors=6, p=1, weights='distance'))]", "Accuracy": 0.8956923076923077, "Precision": 0.8667425968109339, "Recall": 0.3805, "F1": 0.5288394718554552, "F2": 0.4285875197116467, "Total Predictions": 13000, "True Positives": 761, "False Positives": 117, "False Negatives": 1239, "True Negatives": 10883}
{"Classifier": "[('Scaler', StandardScaler()), ('clf_KNCC', KNeighborsClassifier(n_jobs=1, n_neighbors=6, p=1, weights='distance'))]", "Accuracy": 0.8956923076923077, "Precision": 0.8667425968109339, "Recall": 0.3805, "F1": 0.5288394718554552, "F2": 0.4285875197116467, "Total Predictions": 13000, "True Positives": 761, "False Positives": 117, "False Negatives": 1239, "True Negatives": 10883}
{"Classifier": "[('Scaler', StandardScaler()), ('clf_KNCC', KNeighborsClassifier(n_jobs=1, n_neighbors=6, p=1, weights='distance'))]", "Accuracy": 0.8956923076923077, "Precision": 0.8667425968109339, "Recall": 0.3805, "F1": 0.5288394718554552, "F2": 0.4285875197116467, "Total Predictions": 13000, "True Positives": 761, "False Positives": 117, "False Negatives": 1239, "True Negatives": 10883}
{"Classifier": "[('Scaler', StandardScaler()), ('clf_KNCC', KNeighborsClassifier(n_jobs=1, n_neighbors=6, p=1, weights='distance'))]", "Accuracy": 0.8956923076923077, "Precision": 0.8667425968109339, "Recall": 0.3805, "F1": 0.5288394718554552, "F2": 0.4285875197116467, "Total Predictions": 13000, "True Positives": 761, "False Positives": 117, "False Negatives": 1239, "True Negatives": 10883}
{"Classifier": "[('Scaler', StandardScaler()), ('clf_KNCC', KNeighborsClassifier(n_jobs=1, n_neighbors=6, p=1, weights='distance'))]", "Accuracy": 0.8956923076923077, "Precision": 0.8667425968109339, "Recall": 0.3805, "F1": 0.5288394718554552, "F2": 0.4285875197116467, "Total Predictions": 13000, "True Positives": 761, "False Positives": 117, "False Negatives": 1239, "True Negatives": 10883}
{"Classifier": "[('Scaler', StandardScaler()), ('clf_KNCC', KNeighborsClassifier(n_jobs=1, n_neighbors=6, p=1, weights='distance'))]", "Accuracy": 0.8956923076923077, "Precision": 0.8667425968109339, "Recall": 0.3805, "F1": 0.5288394718554552, "F2": 0.4285875197116467, "Total Predictions": 13000, "True Positives": 761, "False Positives": 117, "False Negatives": 1239, "True Negatives": 10883}
{"Classifier": "[('Scaler', StandardScaler()), ('clf_KNCC', KNeighborsClassifier(n_jobs=1, n_neighbors=6, p=1, weights='distance'))]", "Accuracy": 0.8956923076923077, "Precision": 0.8667425968109339, "Recall": 0.3805, "F1": 0.5288394718554552, "F2": 0.4285875197116467, "Total Predictions": 13000, "True Positives": 761, "False Positives": 117, "False Negatives": 1239, "True Negatives": 10883}
{"Classifier": "[('Scaler', StandardScaler()), ('clf_KNCC', KNeighborsClassifier(n_jobs=1, n_neighbors=6, p=1, weights='distance'))]", "Accuracy": 0.8956923076923077, "Precision": 0.8667425968109339, "Recall": 0.3805, "F1": 0.5288394718554552, "F2": 0.4285875197116467, "Total Predictions": 13000, "True Positives": 761, "False Positives": 117, "False Negatives": 1239, "True Negatives": 10883}